{"name": {"0": "박수현", "1": "이성진"}, "time_complexity": {"0": 0.021562500000000005, "1": 0.02156250000000001}, "space_complexity": {"0": 10.3125, "1": 10.306249999999999}}