{"name": {"0": "이성진", "1": "박수현"}, "time_complexity": {"0": 0.14230769230769233, "1": 0.13307692307692306}, "space_complexity": {"0": 10.13076923076923, "1": 10.284615384615385}}