{"name": {"0": "오랑우탄", "1": "천재"}, "time_complexity": {"0": 154.57363636363635, "1": 150.4531818181818}, "space_complexity": {"0": 20.80454545454545, "1": 20.740909090909085}}