{"name": {"0": "박수현", "1": "이성진"}, "time_complexity": {"0": 5.8451851851851835, "1": 6.517777777777776}, "space_complexity": {"0": 11.244444444444445, "1": 11.288888888888891}}