{"name": {"0": "이성진", "1": "박수현"}, "time_complexity": {"0": 0.20115384615384613, "1": 0.042692307692307696}, "space_complexity": {"0": 10.246153846153845, "1": 10.280769230769234}}