{"name": {"0": "이성진"}, "time_complexity": {"0": 1.1885714285714284}, "space_complexity": {"0": 10.264285714285716}}