{"name": {"0": "이성진", "1": "박수현"}, "time_complexity": {"0": 28.1796875, "1": 24.760624999999997}, "space_complexity": {"0": 23.246874999999996, "1": 20.2528125}}