{"name": {"0": "이성진"}, "time_complexity": {"0": 0.12680000000000002}, "space_complexity": {"0": 10.308000000000003}}